Film ID;Titre;Classement MPAA;Budget;Recettes;Date de sortie;Genre;Duree;Evaluation;Nombre d'evaluations
1;Look Who's Talking;PG-13;7500000;296000000;1989-10-12;Romance;93;5.9;73638
2;Driving Miss Daisy;PG;7500000;145793296;1989-12-13;Comedie;99;7.4;91075
3;Turner & Hooch;PG;13000000;71079915;1989-07-28;Crime;100;7.2;91415
4;Born on the Fourth of July;R;14000000;161001698;1989-12-20;Guerre;145;7.2;91415
5;Field of Dreams;PG;15000000;84431625;1989-04-21;Drame;107;7.5;101702
6;Uncle Buck;PG;15000000;79258538;1989-08-16;Famille;100;7;77659
7;When Harry Met Sally...;R;16000000;92800000;1989-07-21;Romance;96;7.6;180871
8;Dead Poets Society;PG;16400000;235860116;1989-06-02;Drame;129;8.1;382002
9;Parenthood;PG-13;20000000;126297830;1989-07-31;Comedie;124;7;41866
10;Lethal Weapon 2;R;25000000;227853986;1989-07-07;Comedie;114;7.2;151737
11;The War of the Roses;R;26000000;160200000;1989-12-08;Comedie;116;6.8;45248
12;National Lampoon's Christmas Vacation;PG-13;27000000;71320000;1989-12-01;Action;97;7.6;135690
13;Honey, I Shrunk the Kids;PG;32000000;222724172;1989-06-22;Famille;93;6.3;132480
14;Batman;PG;35000000;411348924;1989-06-23;Action;126;7.5;319517
15;Ghostbusters II;PG;37000000;215394738;1989-06-15;Comedie;108;6.6;171196
16;The Little Mermaid;PG;40000000;222300000;1989-11-17;Animation;83;7.6;219221
17;Back to the Future Part II;PG;40000000;332000000;1989-11-20;Science Fiction;108;7.8;438940
18;Indiana Jones and the Last Crusade;PG-13;48000000;474171806;1989-05-24;Aventure;127;8.2;647495
19;Tango & Cash;R;55000000;63408614;1989-12-22;Action;104;6.8;79806
20;Steel Magnolias;PG;15000000;95904091;1989-11-15;Drame;119;7.3;43037
21;Three Men and a Little Lady;PG;11000000;71600000;1990-11-21;Famille;104;6.1;127793
22;Teenage Mutant Ninja Turtles;PG;13500000;202000000;1990-03-30;Action;93;6.8;79806
23;Pretty Woman;R;14000000;463000000;1990-03-23;Romance;119;7;266405
24;Kindergarten Cop;PG-13;15000000;201957688;1990-12-21;Action;111;6.1;127793
25;Home Alone;PG;18000000;476684675;1990-11-09;Famille;103;7.6;414472
26;Bird on a Wire;PG-13;20000000;138700000;1990-05-18;Comedie;110;6;37415
27;Misery;R;20000000;61276872;1990-11-28;Drame;107;7.8;168946
28;Edward Scissorhands;PG-13;20000000;53000000;1990-12-05;Drame;105;7.9;421760
29;Ghost;PG-13;22000000;505000000;1990-07-12;Thriller;127;7;183054
30;Presumed Innocent;R;22000000;221303188;1990-07-26;Crime;127;6.9;35122
31;Dances with Wolves;PG-13;22000000;424208848;1990-11-09;Western;181;8;224754
32;Flatliners;R;26000000;61489265;1990-08-09;Horreur;115;6.6;76155
33;The Hunt for Red October;PG;30000000;199200000;1990-03-02;Thriller;134;7.6;167212
34;Another 48 Hrs.;R;38000000;153518974;1990-06-08;Action;95;5.9;36103
35;Back to the Future Part III;PG;40000000;244527583;1990-05-25;Famille;118;7.4;369652
36;Dick Tracy;PG;47000000;103738726;1990-06-15;Crime;103;6.1;54312
37;The Godfather: Part III;R;54000000;136766062;1990-12-24;Drame;162;7.6;332236
38;Days of Thunder;PG-13;60000000;157920733;1990-06-27;Aventure;107;6;73649
39;Total Recall;R;65000000;261317921;1990-06-01;Science Fiction;113;7.5;282870
40;Die Hard 2;R;70000000;240031094;1990-07-02;Thriller;124;7.2;317843
41;Fried Green Tomatoes;PG-13;11000000;119418501;1991-12-27;Comedie;130;7.7;62493
42;The Silence of the Lambs;R;19000000;272742922;1991-02-01;Crime;119;8.6;1166583
43;Sleeping with the Enemy;R;19000000;174999005;1991-02-08;Drame;99;6.2;46455
44;Father of the Bride;PG;20000000;89325780;1991-12-20;Romance;105;6.5;64326
45;The Naked Gun 2 1/2: The Smell of Fear;PG-13;23000000;86900000;1991-06-28;Drame;85;6.5;64326
46;Teenage Mutant Ninja Turtles II;PG;25000000;78600000;1991-03-22;Action;88;8;397467
47;Beauty and the Beast;PG;25000000;377350553;1991-11-13;Animation;84;8;397467
48;Hot Shots!;PG-13;26000000;181096164;1991-07-31;Comedie;84;6.8;93277
49;City Slickers;PG-13;27000000;179033791;1991-06-07;Comedie;112;6.7;45166
50;Star Trek VI: The Undiscovered Country;PG;27000000;96900000;1991-12-05;Science Fiction;113;7.2;66086
51;The Addams Family;PG-13;30000000;191502426;1991-11-22;Comedie;99;6.9;119260
52;The Prince of Tides;R;30000000;74787599;1991-12-25;Romance;132;6.7;14918
53;What About Bob?;PG;35000000;63710000;1991-05-17;Comedie;100;7;58797
54;Cape Fear;R;35000000;182300000;1991-11-15;Crime;128;7.3;157496
55;JFK;R;40000000;205405498;1991-12-20;Drame;189;8;132879
56;Robin Hood: Prince of Thieves;PG-13;48000000;390493908;1991-06-14;Aventure;143;6.9;168877
57;Hook;PG;70000000;300854823;1991-12-11;Famille;144;6.8;218151
58;Backdraft;R;75000000;152368585;1991-05-24;Mystere;137;6.7;67442
59;Terminator 2: Judgment Day;R;100000000;520000000;1991-07-01;Science Fiction;137;8.5;930593
60;The Crying Game;R;3705538;62548947;1992-09-02;Romance;112;7.2;48101
61;The Hand that Rocks the Cradle;R;11700000;88036683;1992-01-10;Drame;110;8.2;348791
62;Unforgiven;R;14000000;159157447;1992-08-07;Western;131;8.2;348791
63;Home Alone 2: Lost in New York;PG;18000000;358991681;1992-11-19;Famille;120;6.7;269944
64;Wayne's World;PG-13;20000000;121697323;1992-02-14;Comedie;94;7;135657
65;The Bodyguard;R;25000000;411006740;1992-11-25;Action;129;6.3;110511
66;Aladdin;G;28000000;504050219;1992-11-25;Animation;90;8;336384
67;White Men Can't Jump;R;31000000;90753806;1992-03-26;Comedie;115;6.8;70430
68;Sister Act;PG;31000000;231605150;1992-05-28;Comedie;100;6.4;80510
69;Scent of a Woman;R;31000000;134095253;1992-12-23;Drame;157;8;238212
70;Lethal Weapon 3;R;35000000;321731527;1992-05-15;Action;118;6.7;148440
71;Under Siege;R;35000000;156563139;1992-10-08;Action;103;6.5;71962
72;Boomerang;R;40000000;70100000;1992-06-30;Romance;117;5.5;24114
73;A League of Their Own;PG;40000000;107458785;1992-07-01;Comedie;128;7.2;85932
74;The Last of the Mohicans;R;40000000;75505856;1992-09-25;Action;112;7.7;139000
75;Bram Stoker's Dracula;R;40000000;215900000;1992-11-13;Drame;128;7.4;177678
76;A Few Good Men;R;40000000;243240178;1992-12-11;Drame;138;7.7;218747
77;Patriot Games;R;45000000;178051587;1992-06-04;Thriller;117;6.9;95783
78;Basic Instinct;R;49000000;352927224;1992-03-20;Thriller;127;6.9;159658
79;Batman Returns;PG-13;80000000;280000000;1992-06-19;Action;126;7;258216
80;Cool Runnings;PG;14000000;154864401;1993-09-30;Comedie;98;6.9;85604
81;Groundhog Day;PG;14600000;70906973;1993-02-11;Comedie;101;8;549538
82;Free Willy;PG;20000000;153698625;1993-07-16;Famille;112;5.9;64130
83;Sleepless in Seattle;PG;21000000;227799884;1993-06-24;Romance;105;6.8;147908
84;Schindler's List;R;22000000;321365567;1993-11-29;Histoire;195;8.9;1117322
85;Mrs. Doubtfire;PG-13;25000000;441286195;1993-11-24;Famille;125;7;226146
86;Tombstone;R;25000000;56505065;1993-12-25;Drame;130;7.8;117576
87;Philadelphia;PG-13;26000000;206678440;1993-12-22;Drame;125;7.7;210109
88;Dave;PG-13;28000000;63000000;1993-05-07;Comedie;110;6.8;46467
89;Grumpy Old Men;PG-13;35100000;70200000;1993-12-25;Comedie;103;7;40509
90;Indecent Proposal;R;38000000;266614059;1993-04-07;Drame;117;5.9;58078
91;Sister Act 2: Back in the Habit;PG;38000000;57319029;1993-12-09;Comedie;107;5.6;45380
92;In the Line of Fire;R;40000000;176997168;1993-07-08;Crime;128;7.2;86650
93;Rising Sun;R;40000000;107198790;1993-07-30;Thriller;125;6.2;40088
94;The Firm;R;42000000;270248367;1993-06-30;Mystere;154;6.8;108683
95;The Fugitive;PG-13;44000000;368875760;1993-08-06;Aventure;130;7.8;249811
96;The Pelican Brief;PG-13;45000000;195268056;1993-12-16;Crime;141;6.6;71238
97;Demolition Man;R;57000000;159055768;1993-10-08;Action;115;6.7;148329
98;Cliffhanger;R;70000000;255000211;1993-05-28;Aventure;112;6.4;113299
99;Jurassic Park;PG;93000000;368800000;1993-06-09;Thriller;127;8.2;937881
100;Pulp Fiction;R;8000000;213928762;1994-09-10;Thriller;154;8.9;1690474
101;Ace Ventura: Pet Detective;PG-13;15000000;107217396;1994-02-04;Comedie;86;6.9;260044
102;Dumb and Dumber;PG-13;16000000;247275374;1994-12-16;Comedie;107;7.3;334497
103;The Santa Clause;PG;22000000;189833357;1994-11-10;Famille;97;6.4;86610
104;The Mask;PG-13;23000000;351583407;1994-07-29;Romance;101;6.9;320839
105;Speed;R;30000000;350448145;1994-06-09;Action;116;7.2;309338
106;Legends of the Fall;R;30000000;160638883;1994-12-16;Drame;133;7.5;136361
107;Star Trek: Generations;PG;38000000;120000000;1994-11-17;Science Fiction;118;8.5;869127
108;The Lion King;G;45000000;788241776;1994-06-23;Animation;89;8.5;869127
109;The Client;PG-13;45000000;117615211;1994-07-20;Drame;119;6.7;55788
110;The Specialist;R;45000000;170362582;1994-10-07;Action;110;5.6;59371
111;The Flintstones;PG;46000000;341631208;1994-05-26;Famille;91;4.9;71389
112;Forrest Gump;PG-13;55000000;677945399;1994-07-06;Comedie;142;8.8;1657851
113;Stargate;PG-13;55000000;196567262;1994-10-27;Science Fiction;121;7.1;167516
114;Disclosure;R;55000000;214015089;1994-12-09;Drame;123;6.1;43455
115;Interview with the Vampire;R;60000000;223664608;1994-11-11;Horreur;123;6.9;83296
116;Clear and Present Danger;PG-13;62000000;215887717;1994-08-03;Thriller;141;6.9;83296
117;Wolf;R;70000000;131000000;1994-06-17;Fantastique;125;6.2;49903
118;Maverick;PG;75000000;183000000;1994-05-20;Action;127;7;96405
119;True Lies;R;115000000;378882411;1994-07-14;Action;141;7.2;223671
120;While You Were Sleeping;PG;17000000;182057016;1995-04-21;Romance;103;6.7;85626
121;Dangerous Minds;R;23000000;179519401;1995-08-11;Crime;99;6.5;45479
122;Grumpier Old Men;PG-13;25000000;71500000;1995-12-22;Comedie;101;6.7;22759
123;Father of the Bride Part II;PG;30000000;76578911;1995-02-10;Comedie;106;6;31971
124;Toy Story;G;30000000;373554033;1995-10-30;Animation;81;8.3;820625
125;Ace Ventura: When Nature Calls;PG-13;30000000;212385533;1995-11-10;Comedie;90;6.4;191266
126;Get Shorty;R;30250000;115101622;1995-10-20;Comedie;105;6.9;72078
127;Mr. Holland's Opus;PG;31000000;106269971;1995-12-29;Famille;137;7.3;33906
128;Se7en;R;33000000;327311859;1995-09-22;Action;127;8.6;1323681
129;Casper;PG;50000000;287928194;1995-05-26;Famille;100;6.1;110490
130;Congo;PG-13;50000000;152022101;1995-06-09;Drame;109;5.2;39870
131;Apollo 13;PG;52000000;355237933;1995-06-30;Drame;140;7.6;250975
132;Crimson Tide;R;53000000;157387195;1995-05-12;Thriller;116;7.3;95145
133;Pocahontas;G;55000000;346079773;1995-06-14;Animation;81;6.7;156670
134;GoldenEye;PG-13;58000000;352194034;1995-11-16;Action;130;7.2;226013
135;Jumanji;PG;65000000;262797249;1995-12-15;Famille;104;7;277496
136;Braveheart;R;72000000;210000000;1995-05-24;Action;177;8.3;907287
137;Die Hard: With a Vengeance;R;90000000;366101666;1995-05-19;Thriller;128;5.4;224254
138;Batman Forever;PG-13;100000000;336529144;1995-06-16;Action;121;5.4;224254
139;Waterworld;PG-13;175000000;264218220;1995-07-28;Action;135;6.2;169984
140;Scream;R;14000000;173046663;1996-12-20;Horreur;111;7.2;267513
141;The First Wives Club;PG;26000000;116400000;1996-09-20;Comedie;102;6.4;39451
142;The English Patient;R;27000000;231976425;1996-11-14;Guerre;162;7.4;168450
143;The Birdcage;R;31000000;185260553;1996-03-08;Comedie;117;7.1;74466
144;Phenomenon;PG;32000000;152036382;1996-07-05;Drame;123;6.4;71796
145;A Time to Kill;R;40000000;152266007;1996-07-24;Crime;149;7.5;121642
146;Star Trek: First Contact;PG-13;46000000;150000000;1996-11-21;Science Fiction;111;7.6;111959
147;Broken Arrow;R;50000000;150270147;1996-02-09;Thriller;108;6;86863
148;Jerry Maguire;R;50000000;273552592;1996-12-06;Comedie;139;7.3;226489
149;The Nutty Professor;PG-13;54000000;128769345;1996-06-26;Comedie;95;5.6;103475
150;101 Dalmatians;G;54000000;320689294;1996-11-17;Comedie;103;5.7;94582
151;The Rock;R;75000000;335062621;1996-06-06;Action;136;7.4;297268
152;Independence Day;PG-13;75000000;816969268;1996-06-25;Action;145;7;503229
153;Mission: Impossible;PG-13;80000000;457696359;1996-05-22;Action;110;7.1;365266
154;Ransom;R;80000000;309492681;1996-11-08;Thriller;117;6.6;112739
155;Space Jam;PG;80000000;250200000;1996-11-15;Comedie;88;6.4;145336
156;Twister;PG-13;92000000;494471524;1996-05-10;Action;113;6.4;164803
157;The Hunchback of Notre Dame;PG;100000000;100138851;1996-06-21;Animation;91;6.9;130850
158;Eraser;R;100000000;242295562;1996-06-21;Drame;115;6.1;98473
159;Michael;PG;119700000;119718203;1996-12-25;Fantastique;105;5.7;39051
160;Good Will Hunting;R;10000000;225933435;1997-12-05;Drame;126;8.3;787732
161;I Know What You Did Last Summer;R;17000000;125586134;1997-10-17;Horreur;100;5.7;125924
162;Scream 2;R;24000000;172363301;1997-12-09;Horreur;120;6.2;147635
163;My Best Friend's Wedding;PG-13;38000000;299288605;1997-06-19;Comedie;105;6.3;120020
164;Liar Liar;PG-13;45000000;302710615;1997-03-21;Comedie;86;6.9;264851
165;As Good as It Gets;PG-13;50000000;314178011;1997-12-19;Comedie;139;7.7;258974
166;George of the Jungle;PG;55000000;174400000;1997-07-15;Famille;92;5.4;66725
167;The Lost World: Jurassic Park;PG-13;73000000;229074524;1997-05-23;Action;129;6.6;353168
168;Con Air;R;75000000;224012234;1997-06-01;Action;115;6.9;261542
169;Conspiracy Theory;R;75000000;136982834;1997-08-07;Action;135;6.7;88858
170;Face/Off;R;80000000;245676146;1997-06-27;Thriller;138;7.3;331618
171;Flubber;PG;80000000;177977226;1997-11-26;Science Fiction;93;5.3;79581
172;Hercules;G;85000000;252712101;1997-06-26;Animation;93;7.3;188044
173;Air Force One;R;85000000;315156409;1997-07-25;Action;124;6.5;170035
174;Men in Black;PG-13;90000000;589390539;1997-07-02;Thriller;98;7.3;486947
175;Contact;PG;90000000;171120329;1997-07-11;Science Fiction;150;7.4;239569
176;Tomorrow Never Dies;PG-13;110000000;333011068;1997-12-11;Action;119;6.5;171081
177;Batman and Robin;PG-13;160000000;238200000;1997-06-12;Action;125;7.8;978389
178;Titanic;PG-13;200000000;1845034188;1997-11-18;Romance;194;7.8;978389
179;There's Something About Mary;R;23000000;369884651;1998-07-15;Romance;119;7.1;278096
180;The Waterboy;PG-13;23000000;185991646;1998-11-06;Comedie;90;6.1;140363
181;Shakespeare in Love;R;25000000;289317794;1998-12-11;Histoire;122;7.1;203939
182;The Rugrats Movie;G;30000000;100491683;1998-11-20;Animation;79;5.9;17025
183;Rush Hour;PG-13;33000000;244386864;1998-09-18;Comedie;98;7;224449
184;Stepmom;PG-13;50000000;159700000;1998-12-25;Drame;124;6.8;56910
185;Patch Adams;PG-13;50000000;202292902;1998-12-25;Drame;115;6.8;97429
186;The Truman Show;PG;60000000;264118201;1998-06-04;Comedie;103;8.1;859224
187;You've Got Mail;PG;65000000;250821495;1998-12-17;Romance;119;6.6;180707
188;Saving Private Ryan;R;70000000;481840909;1998-07-24;Guerre;169;8.6;1140752
189;The Prince of Egypt;PG;70000000;218613188;1998-12-15;Animation;99;7.1;110340
190;Doctor Dolittle;PG-13;71000000;294456605;1998-06-22;Famille;85;5.4;87146
191;Deep Impact;PG-13;75000000;140464664;1998-05-08;Drame;120;6.2;153606
192;Mulan;G;90000000;304320254;1998-06-18;Animation;88;7.6;229669
193;Enemy of the State;R;90000000;250649836;1998-11-20;Thriller;132;7.3;216789
194;The Mask of Zorro;PG-13;95000000;250288523;1998-07-16;Action;136;6.7;159093
195;A Bug's Life;G;120000000;363258859;1998-11-25;Animation;95;7.2;251436
196;Godzilla;PG-13;130000000;379014294;1998-05-20;Thriller;139;5.4;174600
197;Armageddon;PG-13;140000000;553799566;1998-07-01;Science Fiction;151;6.7;376785
198;Lethal Weapon 4;R;140000000;285444603;1998-07-10;Comedie;127;6.6;145685
199;The Blair Witch Project;R;60000;248000000;1999-07-14;Horreur;81;6.5;220304
200;American Pie;R;11000000;235483004;1999-07-09;Comedie;95;7;357670
201;American Beauty;R;15000000;356296601;1999-09-15;Drame;122;8.3;1007472
202;Big Daddy;PG-13;34200000;234801895;1999-06-25;Comedie;93;6.4;188280
203;The Sixth Sense;PG-13;40000000;672806292;1999-08-06;Thriller;107;8.1;860079
204;Notting Hill;PG-13;42000000;363889678;1999-05-13;Romance;124;7.1;251006
205;The General's Daughter;R;60000000;149705852;1999-06-18;Thriller;116;6.3;49909
206;The Green Mile;R;60000000;284600000;1999-12-10;Fantastique;189;8.6;1046936
207;The Matrix;R;63000000;463517383;1999-03-30;Science Fiction;136;8.7;1550148
208;Runaway Bride;PG;70000000;309457509;1999-07-30;Romance;116;5.5;88557
209;Double Jeopardy;R;70000000;177841558;1999-09-24;Crime;105;6.5;67389
210;Analyze This;R;80000000;176885658;1999-03-05;Comedie;103;6.7;139603
211;The Mummy;PG-13;80000000;415885488;1999-04-16;Aventure;124;7;372009
212;Toy Story 2;G;90000000;497366869;1999-10-30;Animation;92;7.9;489299
213;Star Wars: Episode I - The Phantom Menace;PG;115000000;924317558;1999-05-19;Science Fiction;136;6.5;667362
214;Stuart Little;PG;133000000;300135367;1999-12-17;Famille;84;5.9;117811
215;The World Is Not Enough;PG-13;135000000;361832400;1999-11-08;Aventure;128;7.4;545440
216;Tarzan;PG;150000000;448000000;1999-06-18;Animation;88;7.3;187724
217;Wild Wild West;PG-13;170000000;222104681;1999-06-29;Western;106;4.9;146265
218;Crouching Tiger, Hidden Dragon;PG-13;17000000;213525736;2000-10-01;Romance;120;7.8;242878
219;Scary Movie;R;19000000;278019771;2000-07-07;Comedie;88;6.2;219032
220;Big Momma's House;PG-13;30000000;173959438;2000-05-31;Crime;98;5.1;77180
221;Remember the Titans;PG;30000000;136706683;2000-09-29;Drame;113;7.8;186997
222;Chicken Run;G;45000000;224834564;2000-06-21;Comedie;84;7;167036
223;Traffic;R;48000000;207515725;2000-12-27;Drame;147;7.6;188060
224;Erin Brockovich;R;52000000;256271286;2000-03-17;Drame;131;7.3;161958
225;Meet the Parents;PG-13;55000000;330444045;2000-10-06;Comedie;108;7;296549
226;What Women Want;PG-13;70000000;374111707;2000-12-15;Comedie;127;6.4;182948
227;X-Men;PG-13;75000000;296339527;2000-07-13;Aventure;104;7.4;545440
228;Nutty Professor II: The Klumps;PG-13;84000000;123307945;2000-07-27;Comedie;106;4.4;46222
229;Cast Away;PG-13;90000000;429632142;2000-12-22;Drame;143;7.8;482899
230;Charlie's Angels;PG-13;92000000;264105545;2000-11-02;Comedie;98;5.5;166141
231;What Lies Beneath;PG-13;100000000;155464351;2000-07-21;Drame;130;6.6;111917
232;Gladiator;R;103000000;457640427;2000-05-01;Action;155;8.5;1243670
233;The Patriot;R;110000000;215294342;2000-06-28;Histoire;165;7.2;241120
234;The Perfect Storm;PG-13;120000000;325756637;2000-03-15;Drame;130;6.4;148948
235;How the Grinch Stole Christmas;PG;123000000;345141403;2000-11-17;Famille;104;6.1;186192
236;Mission: Impossible II;PG-13;125000000;546388105;2000-05-24;Aventure;123;6.1;296109
237;Dinosaur;PG;127500000;354248063;2000-05-19;Animation;82;6.5;48922
238;American Pie 2;R;30000000;287553595;2001-08-10;Comedie;108;6.4;228537
239;Spy Kids;PG;35000000;147934180;2001-03-18;Famille;88;5.4;101720
240;The Princess Diaries;G;37000000;165335153;2001-08-03;Romance;115;6.3;118754
241;The Fast and the Furious;PG-13;38000000;207283925;2001-06-22;Crime;106;6.8;327057
242;Shrek;PG;60000000;484409218;2001-05-16;Animation;90;7.8;574978
243;A Beautiful Mind;PG-13;60000000;313542341;2001-12-11;Drame;135;8.2;788060
244;Vanilla Sky;R;68000000;203388341;2001-12-10;Mystere;136;6.9;237238
245;Dr. Dolittle 2;PG;70000000;176104344;2001-06-22;Comedie;87;4.7;39656
246;Ocean's Eleven;PG-13;85000000;450717150;2001-12-07;Thriller;116;7.8;482386
247;Hannibal;PG-13;87000000;351692268;2001-02-08;Thriller;131;6.8;240535
248;Rush Hour 2;PG-13;90000000;347325802;2001-08-03;Comedie;90;6.6;188755
249;Black Hawk Down;R;92000000;172989651;2001-12-28;Guerre;144;7.7;345280
250;Jurassic Park III;PG-13;93000000;368780809;2001-07-18;Aventure;92;5.9;280110
251;The Lord of the Rings: The Fellowship of the Ring;PG-13;93000000;871368364;2001-12-18;Fantastique;178;8.8;1545228
252;The Mummy Returns;PG-13;98000000;433013274;2001-04-28;Aventure;130;6.3;287749
253;Planet of the Apes;PG-13;100000000;362211740;2001-07-25;Science Fiction;119;5.7;203564
254;Lara Croft: Tomb Raider;PG-13;115000000;274703340;2001-06-11;Aventure;100;5.8;188607
255;Monsters, Inc.;G;115000000;562816256;2001-11-01;Comedie;92;8;758349
256;Harry Potter and the Sorcerer's Stone;PG;125000000;975100000;2001-11-04;Fantastique;152;7.6;583224
257;Pearl Harbor;PG-13;140000000;449220945;2001-05-21;Guerre;183;6.2;297066
258;My Big Fat Greek Wedding;PG;5000000;368744044;2002-02-22;Comedie;95;6.5;114907
259;Sweet Home Alabama;PG-13;30000000;180622424;2002-09-26;Romance;108;6.2;96978
260;The Ring;PG-13;48000000;249348933;2002-10-18;Horreur;115;7.1;303397
261;Mr. Deeds;PG-13;50000000;171269535;2002-06-28;Comedie;96;5.8;129182
262;Ice Age;PG;59000000;383257136;2002-03-10;Animation;81;7.5;411963
263;The Bourne Identity;PG-13;60000000;214034224;2002-06-14;Action;119;7.9;481712
264;Austin Powers in Goldmember;PG-13;63000000;296655431;2002-07-26;Science Fiction;94;6.2;186825
265;The Santa Clause 2;G;65000000;172855065;2002-10-31;Famille;104;5.6;45755
266;xXx;PG-13;70000000;277448382;2002-08-09;Aventure;124;5.9;167855
267;Signs;PG-13;72000000;408247917;2002-08-02;Science Fiction;106;6.7;321975
268;The Lord of the Rings: The Two Towers;PG-13;79000000;926287400;2002-12-18;Fantastique;179;8.7;1383826
269;Lilo & Stitch;PG;80000000;145771527;2002-06-21;Animation;85;6.7;351725
270;Scooby-Doo;PG;84000000;275650703;2002-06-14;Mystere;88;5;90185
271;Harry Potter and the Chamber of Secrets;PG;100000000;876688482;2002-11-13;Fantastique;161;7.4;505027
272;Minority Report;PG-13;102000000;358372926;2002-06-20;Science Fiction;145;7.6;477892
273;Star Wars: Episode II - Attack of the Clones;PG-13;120000000;649398328;2002-05-15;Science Fiction;142;6.6;587304
274;Spider-Man;PG-13;139000000;821708551;2002-05-01;Fantastique;121;7.3;652224
275;Men in Black 2;PG-13;140000000;441800000;2002-07-03;Action;88;7.4;489354
276;Die Another Day;PG-13;140000000;431971116;2002-11-17;Aventure;133;6.1;194441
277;Bringing Down the House;PG-13;20000000;132675402;2003-03-07;Comedie;105;5.6;33619
278;Elf;PG;32000000;173398518;2003-10-09;Comedie;97;6.9;194453
279;Spy Kids 3-D: Game Over;PG;38000000;197011982;2003-07-25;Famille;84;4.2;50809
280;Cheaper by the Dozen;PG;40000000;190212113;2003-12-24;Comedie;98;5.8;88445
281;Anger Management;PG-13;75000000;195745823;2003-04-11;Comedie;106;6.2;194353
282;2 Fast 2 Furious;PG-13;76000000;236350661;2003-06-05;Thriller;107;5.9;236645
283;Bruce Almighty;PG-13;80000000;484572835;2003-05-23;Comedie;101;6.7;351725
284;S.W.A.T.;PG-13;80000000;116643346;2003-08-08;Crime;117;6;132856
285;Something's Gotta Give;PG-13;80000000;266728738;2003-12-12;Drame;128;6.7;105201
286;Seabiscuit;PG-13;87000000;148336445;2003-07-22;Drame;141;7.3;63813
287;Finding Nemo;G;94000000;940335536;2003-05-30;Animation;100;8.1;887773
288;The Lord of the Rings: The Return of the King;PG-13;94000000;1118888979;2003-12-01;Fantastique;201;8.9;1529953
289;X2: X-Men United;PG-13;110000000;407700000;2003-05-02;Action;133;7.4;489354
290;Bad Boys II;R;130000000;273339556;2003-07-18;Comedie;147;6.6;210294
291;Hulk;PG-13;137000000;245360480;2003-06-19;Science Fiction;138;5.6;242722
292;Pirates of the Caribbean: The Curse of the Black Pearl;PG-13;140000000;655011224;2003-07-09;Aventure;143;8;976208
293;The Last Samurai;R;140000000;456758981;2003-12-05;Guerre;154;7.7;376039
294;The Matrix Reloaded;R;150000000;738599701;2003-05-15;Science Fiction;138;7.2;487328
295;The Matrix Revolutions;R;150000000;424988211;2003-11-05;Science Fiction;129;6.7;423134
296;Terminator 3: Rise of the Machines;R;200000000;435000000;2003-07-02;Thriller;109;6.3;357127
297;Fahrenheit 9/11;R;6000000;119114517;2004-06-25;Drame;122;7.5;123244
298;DodgeBall: A True Underdog Story;PG-13;20000000;167722310;2004-06-18;Comedie;92;6.1;232864
299;The Passion of the Christ;R;30000000;611899420;2004-02-25;Drame;127;7.1;203486
300;The Village;PG-13;60000000;256697520;2004-07-30;Drame;108;6.5;231358
301;50 First Dates;PG-13;75000000;196482882;2004-02-13;Comedie;99;6.8;308950
302;The Bourne Supremacy;PG-13;75000000;288500217;2004-07-23;Action;108;7.7;412796
303;Shark Tale;PG;75000000;367275019;2004-09-20;Animation;90;6;157494
304;Meet the Fockers;PG-13;80000000;516642939;2004-12-22;Comedie;115;6.3;241144
305;The Incredibles;PG;92000000;631442092;2004-11-05;Animation;115;8;617102
306;National Treasure;PG;100000000;347451894;2004-11-19;Mystere;131;6.8;289084
307;Ocean's Twelve;PG-13;110000000;362744280;2004-12-09;Thriller;125;6.5;337180
308;I, Robot;PG-13;120000000;347234916;2004-07-15;Science Fiction;115;7.1;472748
309;The Day After Tomorrow;PG-13;125000000;544272402;2004-05-26;Action;124;6.4;393340
310;Harry Potter and the Prisoner of Azkaban;PG;130000000;789804554;2004-05-31;Fantastique;141;7.9;501648
311;Lemony Snicket's A Series of Unfortunate Events;PG;140000000;209073645;2004-12-16;Comedie;108;6.8;187021
312;Shrek 2;PG;150000000;919838758;2004-05-19;Animation;93;7.2;391295
313;Van Helsing;PG-13;160000000;300257475;2004-05-05;Horreur;132;6.1;232864
314;The Polar Express;G;165000000;305875730;2004-11-10;Animation;100;6.6;158237
315;Troy;R;175000000;497409852;2004-05-13;Guerre;163;7.2;460689
316;Spider-Man 2;PG-13;200000000;783766341;2004-06-25;Action;127;7.3;511447
317;The 40 Year Old Virgin;R;26000000;109449237;2005-08-11;Comedie;116;7.7;500448
318;Walk the Line;PG-13;28000000;186438883;2005-09-13;Drame;136;7.8;218317
319;Wedding Crashers;R;40000000;285176741;2005-07-14;Comedie;119;6.9;318291
320;Flightplan;PG-13;55000000;223387299;2005-09-22;Thriller;98;6.3;145570
321;The Pacifier;PG;56000000;113006880;2005-03-04;Comedie;95;5.6;82064
322;Hitch;PG-13;70000000;368100420;2005-02-10;Comedie;118;6.6;282005
323;Robots;PG;75000000;260696994;2005-03-10;Animation;91;6.3;124743
324;Madagascar;PG;75000000;532680671;2005-05-25;Animation;86;6.9;340576
325;The Longest Yard;PG-13;82000000;190320568;2005-05-19;Drame;113;6.4;153016
326;Fantastic Four;PG-13;100000000;330579719;2005-06-29;Action;106;5.7;300723
327;Fun with Dick and Jane;PG-13;100000000;202026112;2005-12-21;Comedie;90;6.1;126990
328;Mr. & Mrs. Smith;PG-13;110000000;478207520;2005-06-07;Comedie;120;6.7;150380
329;Star Wars: Episode III - Revenge of the Sith;PG-13;113000000;850000000;2005-05-17;Science Fiction;140;7.5;653713
330;War of the Worlds;PG-13;132000000;591739379;2005-06-28;Science Fiction;116;6.5;394088
331;Batman Begins;PG-13;150000000;374218673;2005-06-10;Action;140;8.2;1222163
332;Charlie and the Chocolate Factory;PG;150000000;474968763;2005-07-13;Famille;115;6.6;397238
333;Chicken Little;G;150000000;314432665;2005-11-04;Animation;81;5.7;80293
334;Harry Potter and the Goblet of Fire;PG-13;150000000;895921036;2005-11-05;Fantastique;157;7.7;500448
335;The Chronicles of Narnia: The Lion, the Witch and the Wardrobe;PG;180000000;748806957;2005-12-07;Fantastique;143;6.9;345525
336;King Kong;PG-13;207000000;550000000;2005-12-14;Aventure;187;7.2;372684
337;Borat: Cultural Learnings of America for Make Benefit Glorious Nation of Kazakhstan;R;18000000;261572744;2006-11-01;Comedie;82;7.3;336918
338;The Devil Wears Prada;PG-13;35000000;326551094;2006-06-30;Comedie;109;6.9;346453
339;Scary Movie 4;PG-13;45000000;178262620;2006-04-13;Comedie;83;5;108367
340;The Break-Up;PG-13;52000000;204999686;2006-06-01;Romance;106;5.8;119027
341;The Pursuit of Happyness;PG-13;55000000;307077295;2006-12-14;Drame;117;8;414068
342;Dreamgirls;PG-13;70000000;154937680;2006-12-25;Drame;134;6.5;65268
343;Talladega Nights: The Ballad of Ricky Bobby;PG-13;72500000;162966177;2006-08-04;Comedie;116;6.6;157099
344;Ice Age: The Meltdown;PG;80000000;660940780;2006-03-23;Animation;91;6.8;240160
345;Over the Hedge;PG;80000000;343397247;2006-04-22;Animation;83;6.7;150380
346;Click;PG-13;82500000;237681299;2006-06-22;Comedie;107;6.4;288262
347;The Departed;R;90000000;289847354;2006-10-05;Drame;151;8.5;1101383
348;Happy Feet;PG;100000000;384335608;2006-11-16;Animation;108;6.4;160365
349;Night at the Museum;PG;110000000;574480841;2006-10-20;Famille;108;6.4;292901
350;Cars;G;120000000;461983149;2006-06-08;Animation;117;7.1;338715
351;The Da Vinci Code;PG-13;125000000;767820459;2006-05-17;Mystere;149;6.6;378434
352;Mission: Impossible III;PG-13;150000000;397850012;2006-05-03;Aventure;126;6.9;311936
353;Casino Royale;PG-13;150000000;599045960;2006-11-14;Thriller;144;8;546930
354;Pirates of the Caribbean: Dead Man's Chest;PG-13;200000000;1065659812;2006-06-20;Aventure;151;7.3;622392
355;X-Men: The Last Stand;PG-13;210000000;459359555;2006-05-24;Action;104;6.7;461302
356;Superman Returns;PG-13;270000000;391081192;2006-06-28;Action;154;6;262915
357;Juno;PG-13;7500000;231411584;2007-12-05;Comedie;96;7.4;471466
358;Knocked Up;R;30000000;219076518;2007-06-01;Comedie;129;6.9;335994
359;Wild Hogs;PG-13;60000000;253625427;2007-03-02;Comedie;100;5.8;110340
360;300;R;60000000;454161935;2007-03-09;Action;155;8.1;681249
361;Alvin and the Chipmunks;PG;60000000;361366633;2007-12-13;Famille;92;5.2;71035
362;The Bourne Ultimatum;PG-13;70000000;442824138;2007-08-03;Action;115;8;584584
363;The Simpsons Movie;PG-13;75000000;527068851;2007-07-25;Comedie;87;7.3;296295
364;Enchanted;PG;85000000;340487652;2007-11-20;Famille;107;7;167752
365;American Gangster;R;100000000;266465037;2007-11-02;Crime;157;7.8;372553
366;Live Free or Die Hard;PG-13;110000000;383531464;2007-06-20;Thriller;128;7.1;375083
367;Fantastic 4: Rise of the Silver Surfer;PG;130000000;289047763;2007-06-13;Action;92;5.6;241962
368;National Treasure: Book of Secrets;PG;130000000;457363168;2007-12-13;Mystere;124;6.5;208233
369;Rush Hour 3;PG-13;140000000;258022233;2007-08-08;Comedie;91;6.2;144312
370;Ratatouille;G;150000000;623722818;2007-06-22;Animation;111;8;594171
371;Transformers;PG-13;150000000;709709780;2007-06-27;Action;144;7;575579
372;Harry Potter and the Order of the Phoenix;PG-13;150000000;938212738;2007-06-28;Fantastique;138;7.5;465046
373;I Am Legend;PG-13;150000000;585349010;2007-12-14;Drame;101;7.2;645359
374;Shrek the Third;PG;160000000;798958165;2007-05-17;Animation;93;6;261818
375;Spider-Man 3;PG-13;258000000;890871626;2007-05-01;Action;139;6.2;470900
376;Pirates of the Caribbean: At World's End;PG-13;300000000;961000000;2007-05-19;Aventure;169;7.1;565402
377;Slumdog Millionaire;R;15000000;377910544;2008-05-12;Drame;120;8;758215
378;Gran Torino;R;33000000;269958228;2008-12-09;Drame;116;8.1;681249
379;Twilight;PG-13;37000000;392616625;2008-11-20;Romance;122;5.2;400765
380;Mamma Mia!;PG-13;52000000;609841637;2008-07-03;Romance;108;6.4;198801
381;Marley and Me;PG;60000000;247800000;2008-12-25;Drame;115;4.7;252223
382;Sex and the City;R;65000000;415252786;2008-05-12;Drame;145;5.6;111683
383;Wanted;R;75000000;258270008;2008-06-19;Crime;110;6.7;345360
384;Get Smart;PG-13;80000000;230685453;2008-06-19;Comedie;110;6.5;192963
385;Horton Hears a Who!;G;85000000;297138014;2008-03-03;Animation;88;6.8;123219
386;Kung Fu Panda;PG;130000000;631744560;2008-06-04;Animation;90;7.5;390478
387;Iron Man;PG-13;140000000;585174222;2008-04-30;Action;126;7.9;885440
388;The Incredible Hulk;PG-13;150000000;163712074;2008-06-12;Action;114;6.7;410953
389;Hancock;PG-13;150000000;624029371;2008-07-01;Fantastique;92;6.4;420160
390;Madagascar: Escape 2 Africa;PG;150000000;603900354;2008-10-30;Animation;89;6.6;189290
391;The Curious Case of Benjamin Button;PG-13;150000000;333932083;2008-11-24;Mystere;166;7.8;549809
392;WALL-E;G;180000000;533300000;2008-06-23;Animation;97;7.6;429384
393;Indiana Jones and the Kingdom of the Crystal Skull;PG-13;185000000;786636033;2008-05-21;Aventure;122;6.1;400210
394;The Dark Knight;PG-13;185000000;1004558444;2008-07-16;Action;152;9;2127228
395;Quantum of Solace;PG-13;200000000;586090727;2008-10-30;Action;106;6.6;382597
396;The Chronicles of Narnia: Prince Caspian;PG;225000000;419651413;2008-05-15;Fantastique;150;6.5;182624
397;Taken;PG-13;25000000;226800000;2009-01-30;Thriller;90;7.6;473121
398;Paul Blart: Mall Cop;PG;26000000;183293131;2009-01-15;Comedie;91;5.2;97379
399;The Blind Side;R;29000000;309208309;2009-11-20;Drame;129;7.6;272556
400;The Hangover;R;35000000;459270619;2009-06-05;Comedie;100;7.7;681246
401;The Proposal;PG-13;40000000;317375031;2009-06-01;Romance;108;6.7;277605
402;The Twilight Saga: New Moon;PG-13;50000000;709827462;2009-03-15;Romance;130;4.7;252223
403;Alvin and the Chipmunks: The Squeakquel;PG;75000000;443140005;2009-12-21;Famille;88;4.5;40285
404;Fast and Furious;PG-13;85000000;363200000;2009-04-03;Thriller;107;8.8;1888105
405;Ice Age: Dawn of the Dinosaurs;PG;90000000;886686817;2009-06-29;Animation;94;6.9;208859
406;Sherlock Holmes;PG-13;90000000;524028679;2009-12-23;Mystere;128;7.6;556227
407;X-Men Origins: Wolverine;PG-13;150000000;373062864;2009-04-28;Action;107;6.6;445334
408;Star Trek;PG-13;150000000;385680446;2009-05-06;Science Fiction;127;7.9;561041
409;Night at the Museum: Battle of the Smithsonian;PG;150000000;413106170;2009-05-20;Famille;105;6;164438
410;Transformers: Revenge of the Fallen;PG-13;150000000;836297228;2009-06-19;Action;150;6;369460
411;Monsters vs Aliens;PG;175000000;381509870;2009-03-19;Animation;94;7.7;374981
412;Up;PG;175000000;735099082;2009-05-13;Animation;96;8.2;867393
413;G.I. Joe: The Rise of Cobra;PG-13;175000000;302469017;2009-08-04;Action;118;5.8;192848
414;2012;PG-13;200000000;769653595;2009-10-10;Aventure;158;4.3;28949
415;Avatar;PG-13;237000000;2787965087;2009-12-10;Aventure;162;7.8;1064378
416;Harry Potter and the Half-Blood Prince;PG;250000000;933959197;2009-07-07;Fantastique;153;7.6;429384
417;The King's Speech;R;15000000;414211549;2010-09-06;Drame;118;8;603556
418;True Grit;PG-13;38000000;252276927;2010-12-22;Western;110;7.6;289841
419;The Karate Kid;PG;40000000;357852395;2010-06-10;Action;140;6.2;149538
420;The Twilight Saga: Eclipse;PG-13;68000000;698491347;2010-06-23;Romance;124;5;215110
421;Despicable Me;PG;69000000;543513985;2010-07-08;Animation;95;7.6;473121
422;Shutter Island;R;80000000;294804195;2010-02-18;Drame;138;8.1;1033626
423;Grown Ups;PG-13;80000000;271430189;2010-06-24;Comedie;102;5.9;214850
424;Little Fockers;PG-13;100000000;310650585;2010-12-21;Comedie;98;5.5;100845
425;Clash of the Titans;PG-13;125000000;493200000;2010-04-02;Thriller;108;5.8;260054
426;Megamind;PG;130000000;321887208;2010-10-28;Animation;95;7.2;212563
427;The Last Airbender;PG;150000000;318502923;2010-06-30;Aventure;103;4.1;139750
428;Inception;PG-13;160000000;825532764;2010-07-14;Action;148;8.8;1888105
429;How to Train Your Dragon;PG;165000000;494878759;2010-03-05;Animation;98;8.1;624128
430;Shrek Forever After;PG;165000000;752600867;2010-05-16;Animation;93;6.3;171513
431;Tron Legacy;PG;170000000;400000000;2010-12-17;Science Fiction;125;6.9;545814
432;Alice in Wonderland;PG;200000000;1025491110;2010-03-03;Fantastique;108;6.4;364339
433;Iron Man 2;PG-13;200000000;623933331;2010-04-28;Action;124;7;675501
434;Toy Story 3;G;200000000;1066969703;2010-06-16;Animation;103;8.3;705408
435;Harry Potter and the Deathly Hallows: Part 1;PG-13;250000000;954305868;2010-10-17;Fantastique;146;7.7;436403
436;Tangled;PG;260000000;591794936;2010-11-24;Animation;100;7.7;374981
437;The Help;PG-13;25000000;124272124;2011-08-09;Drame;146;8.1;399843
438;Bridesmaids;R;32500000;288383523;2011-04-28;Comedie;125;6.8;253501
439;Alvin and the Chipmunks: Chipwrecked;G;75000000;342695435;2011-12-14;Famille;87;4.3;28949
440;The Hangover Part II;R;80000000;254455986;2011-05-25;Comedie;102;6.4;440120
441;Rio;G;90000000;484635760;2011-04-03;Animation;96;6.9;194794
442;Rise of the Planet of the Apes;PG-13;93000000;482860185;2011-08-03;Science Fiction;105;7.6;478465
443;The Twilight Saga: Breaking Dawn - Part 1;PG-13;110000000;712171856;2011-03-15;Romance;117;4.9;211592
444;The Smurfs;PG;110000000;563749323;2011-07-29;Animation;103;5.4;78902
445;Fast Five;PG-13;125000000;626137675;2011-04-20;Action;130;7.3;335531
446;Harry Potter and the Deathly Hallows: Part 2;PG-13;125000000;1342000000;2011-07-07;Fantastique;130;8.1;706836
447;Sherlock Holmes: A Game of Shadows;PG-13;125000000;334615000;2011-11-22;Mystere;129;7.5;399957
448;Puss in Boots: The Three Diablos;PG;130000000;555000000;2011-12-08;Animation;130;7.8;727724
449;Captain America: The First Avenger;PG-13;140000000;370569774;2011-07-22;Action;124;6.9;687208
450;Mission: Impossible - Ghost Protocol;PG-13;145000000;694713380;2011-12-07;Thriller;133;7.4;434810
451;Thor;PG-13;150000000;449326618;2011-04-21;Action;115;7;700777
452;Kung Fu Panda 2;PG;150000000;665692281;2011-05-25;Animation;91;7.2;234612
453;Transformers: Dark of the Moon;PG-13;195000000;1123746996;2011-06-28;Action;154;6.2;370672
454;Cars 2;G;200000000;559852396;2011-06-11;Animation;106;6.1;144174
455;Pirates of the Caribbean: On Stranger Tides;PG-13;380000000;1045713802;2011-05-14;Action;136;6.6;455211
456;Taken 2;PG-13;45000000;376141306;2012-09-27;Thriller;91;6.2;276940
457;Ted;R;50000000;549368315;2012-06-29;Comedie;106;6.9;545814
458;Les Miserables;PG-13;61000000;441800000;2012-12-05;Drame;158;7.5;527284
459;Lincoln;PG-13;65000000;275293450;2012-11-09;Histoire;149;7.3;232227
460;The Lorax;PG;70000000;348840316;2012-03-01;Animation;86;6.4;91777
461;The Hunger Games;PG-13;75000000;691210692;2012-03-12;Aventure;142;7.2;805367
462;Hotel Transylvania;PG;85000000;358375603;2012-09-20;Animation;91;7.1;208916
463;Ice Age: Continental Drift;PG;95000000;877244782;2012-06-26;Animation;88;6.6;179430
464;Django Unchained;R;100000000;425368238;2012-12-25;Western;165;8.4;1246157
465;The Twilight Saga: Breaking Dawn - Part 2;PG-13;120000000;829000000;2012-11-13;Romance;115;5.5;218357
466;Madagascar 3: Europe's Most Wanted;PG;145000000;746921274;2012-06-06;Animation;93;6.8;150894
467;Wreck-It Ralph;PG;165000000;471222889;2012-11-01;Animation;108;7.7;354202
468;Snow White and the Huntsman;PG-13;170000000;396600000;2012-05-30;Fantastique;127;6.1;262152
469;Brave;PG;185000000;538983207;2012-06-21;Animation;93;7.1;346490
470;Skyfall;PG-13;200000000;1108561013;2012-10-25;Action;143;7.7;599462
471;The Amazing Spider-Man;PG-13;215000000;752215857;2012-06-27;Action;136;6.9;534526
472;The Avengers;PG-13;220000000;1519557910;2012-04-25;Action;143;8;1205002
473;Men in Black 3;PG-13;225000000;624026776;2012-05-23;Action;106;6.8;317807
474;The Dark Knight Rises;PG-13;250000000;1084939099;2012-07-16;Action;165;8.4;1418253
475;The Hobbit: An Unexpected Journey;PG-13;250000000;1021103568;2012-11-26;Fantastique;169;7.8;727724
476;The Conjuring;R;13000000;318000141;2013-07-18;Horreur;112;7.5;410378
477;Identity Thief;R;35000000;173965010;2013-02-07;Comedie;111;5.7;117864
478;We're The Millers;R;37000000;270000000;2013-08-03;Comedie;110;7.7;685903
479;American Hustle;R;40000000;251171807;2013-12-12;Crime;138;7.2;424472
480;The Heat;R;43000000;158674180;2013-06-27;Comedie;117;6.6;155514
481;Despicable Me 2;PG;76000000;970761885;2013-06-25;Animation;98;7.4;350582
482;The Great Gatsby;PG-13;105000000;351040419;2013-05-10;Drame;143;7.3;442728
483;Gravity;PG-13;105000000;716392705;2013-09-27;Science Fiction;91;7.7;724258
484;The Hunger Games: Catching Fire;PG-13;130000000;847423452;2013-11-15;Aventure;146;7.5;583523
485;The Croods;PG;135000000;585178928;2013-03-20;Animation;98;7.2;180043
486;Frozen;PG;150000000;1274219009;2013-11-27;Animation;102;7.5;527284
487;Fast & Furious 6;PG-13;160000000;788679850;2013-05-06;Action;130;7.1;388000
488;Thor: The Dark World;PG-13;170000000;644571402;2013-10-29;Action;112;6.9;556094
489;Star Trek Into Darkness;PG-13;190000000;467365246;2013-05-05;Science Fiction;132;7.7;449458
490;Oz: The Great and Powerful;PG;200000000;491868548;2013-03-07;Drame;130;6.3;205519
491;Iron Man 3;PG-13;200000000;1215439994;2013-04-18;Action;130;7.2;710052
492;World War Z;PG-13;200000000;531865000;2013-06-20;Science Fiction;116;7;564082
493;Monsters University;G;200000000;743559607;2013-06-20;Animation;104;7.3;299133
494;Man of Steel;PG-13;225000000;662845518;2013-06-12;Action;143;7.1;657937
495;The Hobbit: The Desolation of Smaug;PG-13;250000000;958400000;2013-12-11;Fantastique;161;7.8;573246
496;Neighbors;R;18000000;268157400;2014-05-08;Comedie;96;6.3;270504
497;22 Jump Street;R;50000000;188441614;2014-06-05;Comedie;112;7;325958
498;American Sniper;R;58800000;542307423;2014-12-11;Guerre;133;7.3;409597
499;The Lego Movie;PG;60000000;469160692;2014-02-06;Animation;100;7.8;309295
500;Gone Girl;R;61000000;369330363;2014-10-01;Thriller;145;8.1;782252
501;Divergent;PG-13;85000000;288747895;2014-03-14;Action;139;6.7;405233
502;Teenage Mutant Ninja Turtles;PG-13;125000000;477200000;2014-08-07;Action;101;5.8;194073
503;The Hunger Games: Mockingjay - Part 1;PG-13;125000000;752100229;2014-11-18;Aventure;123;6.6;386742
504;How to Train Your Dragon 2;PG;145000000;609123048;2014-06-12;Animation;102;7.8;285394
505;Godzilla;PG-13;160000000;529076069;2014-05-14;Thriller;123;6.4;359438
506;Big Hero 6;PG;165000000;652105443;2014-10-24;Animation;102;7.8;380953
507;Interstellar;PG-13;165000000;675120017;2014-11-05;Science Fiction;169;8.6;1343549
508;Captain America: The Winter Soldier;PG-13;170000000;714766572;2014-03-20;Action;136;7.7;685903
509;Dawn of the Planet of the Apes;PG-13;170000000;710644566;2014-06-26;Science Fiction;130;7.6;395425
510;Guardians of the Galaxy;PG-13;170000000;773328629;2014-07-30;Action;121;8;978222